{
	"name": "WOIN-System",
	"title": "WOIN-System",
	"description": "The \"What's OLD is NEW\" system for FoundryVTT",
	"version": "0.0.2",
	"author": "Mandraw",
	"authors": [
		{
			"name": "",
			"email": "",
			"url": ""
		}
	],
	"scripts": [],
	"esmodules": ["WOIN-System.js"],
	"styles": ["WOIN-System.css"],
	"packs": [],
	"languages": [
		{
			"lang": "en",
			"name": "English",
			"path": "lang/en.json"
		}
	],
	"initiative": "3d6",
	"gridDistance": 1,
	"gridUnits": "5ft",
	"primaryTokenAttribute": "resources.health",
	"minimumCoreVersion": "0.6.0",
	"compatibleCoreVersion": "0.6.0",
	"url": "https://github.com/Mandraw/FVTT-WOIN.git",
	"manifest": "https://github.com/Mandraw/FVTT-WOIN/master/src/system.json",
	"download": "https://github.com/Mandraw/FVTT-WOIN/v0.0.2/package/WOIN-System-v0.0.2.zip",
	"license": "",
	"readme": "",
	"bugs": "",
	"changelog": ""
}